"","canOpen"
"1","×    2015年\2015-02.xls"
"2","×    2015年\2015-03.xls"
"3","×    2015年\2015-04.xls"
"4","×    2015年\2015-05.xls"
"5","×    2015年\2015-06.xls"
"6","×    2015年\2015-07.xls"
"7","×    2015年\2015-08.xls"
"8","×    2015年\2015-09.xls"
"9","×    2015年\2015-10.xls"
"10","×    2015年\2015-11.xls"
"11","×    2016年1-10月\~$2016-07.xlsx"
"12","×    2016年1-10月\2016-09.xlsx"
"13","×    2016年1-10月\2016-10.xlsx"
"14","√    2016年1-10月\re2016-03.xls"
"15","×    2016年1-10月\2016-04.xls"
"16","×    2016年1-10月\2016-05.xls"
"17","√    2016年1-10月\2016-06.xlsx"
"18","√    2016年1-10月\2016-07.xlsx"
"19","√    2016年1-10月\2016-08.xlsx"
